Date,Short Month,Calendar Year
2013-01-01,Jan,2013
2013-01-02,Jan,2013
2013-01-03,Jan,2013
2013-01-04,Jan,2013
2013-01-05,Jan,2013
2013-01-06,Jan,2013
2013-01-07,Jan,2013
2013-01-08,Jan,2013
2013-01-09,Jan,2013
2013-01-10,Jan,2013
2013-01-11,Jan,2013
2013-01-12,Jan,2013
2013-01-13,Jan,2013
2013-01-14,Jan,2013
2013-01-15,Jan,2013
2013-01-16,Jan,2013
2013-01-17,Jan,2013
2013-01-18,Jan,2013
2013-01-19,Jan,2013
2013-01-20,Jan,2013
2013-01-21,Jan,2013
2013-01-22,Jan,2013
2013-01-23,Jan,2013
2013-01-24,Jan,2013
2013-01-25,Jan,2013
2013-01-26,Jan,2013
2013-01-27,Jan,2013
2013-01-28,Jan,2013
2013-01-29,Jan,2013
2013-01-30,Jan,2013
2013-01-31,Jan,2013
2013-02-01,Feb,2013
2013-02-02,Feb,2013
2013-02-03,Feb,2013
2013-02-04,Feb,2013
2013-02-05,Feb,2013
2013-02-06,Feb,2013
2013-02-07,Feb,2013
2013-02-08,Feb,2013
2013-02-09,Feb,2013
2013-02-10,Feb,2013
2013-02-11,Feb,2013
2013-02-12,Feb,2013
2013-02-13,Feb,2013
2013-02-14,Feb,2013
2013-02-15,Feb,2013
2013-02-16,Feb,2013
2013-02-17,Feb,2013
2013-02-18,Feb,2013
2013-02-19,Feb,2013
2013-02-20,Feb,2013
2013-02-21,Feb,2013
2013-02-22,Feb,2013
2013-02-23,Feb,2013
2013-02-24,Feb,2013
2013-02-25,Feb,2013
2013-02-26,Feb,2013
2013-02-27,Feb,2013
2013-02-28,Feb,2013
2013-03-01,Mar,2013
2013-03-02,Mar,2013
2013-03-03,Mar,2013
2013-03-04,Mar,2013
2013-03-05,Mar,2013
2013-03-06,Mar,2013
2013-03-07,Mar,2013
2013-03-08,Mar,2013
2013-03-09,Mar,2013
2013-03-10,Mar,2013
2013-03-11,Mar,2013
2013-03-12,Mar,2013
2013-03-13,Mar,2013
2013-03-14,Mar,2013
2013-03-15,Mar,2013
2013-03-16,Mar,2013
2013-03-17,Mar,2013
2013-03-18,Mar,2013
2013-03-19,Mar,2013
2013-03-20,Mar,2013
2013-03-21,Mar,2013
2013-03-22,Mar,2013
2013-03-23,Mar,2013
2013-03-24,Mar,2013
2013-03-25,Mar,2013
2013-03-26,Mar,2013
2013-03-27,Mar,2013
2013-03-28,Mar,2013
2013-03-29,Mar,2013
2013-03-30,Mar,2013
2013-03-31,Mar,2013
2013-04-01,Apr,2013
2013-04-02,Apr,2013
2013-04-03,Apr,2013
2013-04-04,Apr,2013
2013-04-05,Apr,2013
2013-04-06,Apr,2013
2013-04-07,Apr,2013
2013-04-08,Apr,2013
2013-04-09,Apr,2013
2013-04-10,Apr,2013
2013-04-11,Apr,2013
2013-04-12,Apr,2013
2013-04-13,Apr,2013
2013-04-14,Apr,2013
2013-04-15,Apr,2013
2013-04-16,Apr,2013
2013-04-17,Apr,2013
2013-04-18,Apr,2013
2013-04-19,Apr,2013
2013-04-20,Apr,2013
2013-04-21,Apr,2013
2013-04-22,Apr,2013
2013-04-23,Apr,2013
2013-04-24,Apr,2013
2013-04-25,Apr,2013
2013-04-26,Apr,2013
2013-04-27,Apr,2013
2013-04-28,Apr,2013
2013-04-29,Apr,2013
2013-04-30,Apr,2013
2013-05-01,May,2013
2013-05-02,May,2013
2013-05-03,May,2013
2013-05-04,May,2013
2013-05-05,May,2013
2013-05-06,May,2013
2013-05-07,May,2013
2013-05-08,May,2013
2013-05-09,May,2013
2013-05-10,May,2013
2013-05-11,May,2013
2013-05-12,May,2013
2013-05-13,May,2013
2013-05-14,May,2013
2013-05-15,May,2013
2013-05-16,May,2013
2013-05-17,May,2013
2013-05-18,May,2013
2013-05-19,May,2013
2013-05-20,May,2013
2013-05-21,May,2013
2013-05-22,May,2013
2013-05-23,May,2013
2013-05-24,May,2013
2013-05-25,May,2013
2013-05-26,May,2013
2013-05-27,May,2013
2013-05-28,May,2013
2013-05-29,May,2013
2013-05-30,May,2013
2013-05-31,May,2013
2013-06-01,Jun,2013
2013-06-02,Jun,2013
2013-06-03,Jun,2013
2013-06-04,Jun,2013
2013-06-05,Jun,2013
2013-06-06,Jun,2013
2013-06-07,Jun,2013
2013-06-08,Jun,2013
2013-06-09,Jun,2013
2013-06-10,Jun,2013
2013-06-11,Jun,2013
2013-06-12,Jun,2013
2013-06-13,Jun,2013
2013-06-14,Jun,2013
2013-06-15,Jun,2013
2013-06-16,Jun,2013
2013-06-17,Jun,2013
2013-06-18,Jun,2013
2013-06-19,Jun,2013
2013-06-20,Jun,2013
2013-06-21,Jun,2013
2013-06-22,Jun,2013
2013-06-23,Jun,2013
2013-06-24,Jun,2013
2013-06-25,Jun,2013
2013-06-26,Jun,2013
2013-06-27,Jun,2013
2013-06-28,Jun,2013
2013-06-29,Jun,2013
2013-06-30,Jun,2013
2013-07-01,Jul,2013
2013-07-02,Jul,2013
2013-07-03,Jul,2013
2013-07-04,Jul,2013
2013-07-05,Jul,2013
2013-07-06,Jul,2013
2013-07-07,Jul,2013
2013-07-08,Jul,2013
2013-07-09,Jul,2013
2013-07-10,Jul,2013
2013-07-11,Jul,2013
2013-07-12,Jul,2013
2013-07-13,Jul,2013
2013-07-14,Jul,2013
2013-07-15,Jul,2013
2013-07-16,Jul,2013
2013-07-17,Jul,2013
2013-07-18,Jul,2013
2013-07-19,Jul,2013
2013-07-20,Jul,2013
2013-07-21,Jul,2013
2013-07-22,Jul,2013
2013-07-23,Jul,2013
2013-07-24,Jul,2013
2013-07-25,Jul,2013
2013-07-26,Jul,2013
2013-07-27,Jul,2013
2013-07-28,Jul,2013
2013-07-29,Jul,2013
2013-07-30,Jul,2013
2013-07-31,Jul,2013
2013-08-01,Aug,2013
2013-08-02,Aug,2013
2013-08-03,Aug,2013
2013-08-04,Aug,2013
2013-08-05,Aug,2013
2013-08-06,Aug,2013
2013-08-07,Aug,2013
2013-08-08,Aug,2013
2013-08-09,Aug,2013
2013-08-10,Aug,2013
2013-08-11,Aug,2013
2013-08-12,Aug,2013
2013-08-13,Aug,2013
2013-08-14,Aug,2013
2013-08-15,Aug,2013
2013-08-16,Aug,2013
2013-08-17,Aug,2013
2013-08-18,Aug,2013
2013-08-19,Aug,2013
2013-08-20,Aug,2013
2013-08-21,Aug,2013
2013-08-22,Aug,2013
2013-08-23,Aug,2013
2013-08-24,Aug,2013
2013-08-25,Aug,2013
2013-08-26,Aug,2013
2013-08-27,Aug,2013
2013-08-28,Aug,2013
2013-08-29,Aug,2013
2013-08-30,Aug,2013
2013-08-31,Aug,2013
2013-09-01,Sep,2013
2013-09-02,Sep,2013
2013-09-03,Sep,2013
2013-09-04,Sep,2013
2013-09-05,Sep,2013
2013-09-06,Sep,2013
2013-09-07,Sep,2013
2013-09-08,Sep,2013
2013-09-09,Sep,2013
2013-09-10,Sep,2013
2013-09-11,Sep,2013
2013-09-12,Sep,2013
2013-09-13,Sep,2013
2013-09-14,Sep,2013
2013-09-15,Sep,2013
2013-09-16,Sep,2013
2013-09-17,Sep,2013
2013-09-18,Sep,2013
2013-09-19,Sep,2013
2013-09-20,Sep,2013
2013-09-21,Sep,2013
2013-09-22,Sep,2013
2013-09-23,Sep,2013
2013-09-24,Sep,2013
2013-09-25,Sep,2013
2013-09-26,Sep,2013
2013-09-27,Sep,2013
2013-09-28,Sep,2013
2013-09-29,Sep,2013
2013-09-30,Sep,2013
2013-10-01,Oct,2013
2013-10-02,Oct,2013
2013-10-03,Oct,2013
2013-10-04,Oct,2013
2013-10-05,Oct,2013
2013-10-06,Oct,2013
2013-10-07,Oct,2013
2013-10-08,Oct,2013
2013-10-09,Oct,2013
2013-10-10,Oct,2013
2013-10-11,Oct,2013
2013-10-12,Oct,2013
2013-10-13,Oct,2013
2013-10-14,Oct,2013
2013-10-15,Oct,2013
2013-10-16,Oct,2013
2013-10-17,Oct,2013
2013-10-18,Oct,2013
2013-10-19,Oct,2013
2013-10-20,Oct,2013
2013-10-21,Oct,2013
2013-10-22,Oct,2013
2013-10-23,Oct,2013
2013-10-24,Oct,2013
2013-10-25,Oct,2013
2013-10-26,Oct,2013
2013-10-27,Oct,2013
2013-10-28,Oct,2013
2013-10-29,Oct,2013
2013-10-30,Oct,2013
2013-10-31,Oct,2013
2013-11-01,Nov,2013
2013-11-02,Nov,2013
2013-11-03,Nov,2013
2013-11-04,Nov,2013
2013-11-05,Nov,2013
2013-11-06,Nov,2013
2013-11-07,Nov,2013
2013-11-08,Nov,2013
2013-11-09,Nov,2013
2013-11-10,Nov,2013
2013-11-11,Nov,2013
2013-11-12,Nov,2013
2013-11-13,Nov,2013
2013-11-14,Nov,2013
2013-11-15,Nov,2013
2013-11-16,Nov,2013
2013-11-17,Nov,2013
2013-11-18,Nov,2013
2013-11-19,Nov,2013
2013-11-20,Nov,2013
2013-11-21,Nov,2013
2013-11-22,Nov,2013
2013-11-23,Nov,2013
2013-11-24,Nov,2013
2013-11-25,Nov,2013
2013-11-26,Nov,2013
2013-11-27,Nov,2013
2013-11-28,Nov,2013
2013-11-29,Nov,2013
2013-11-30,Nov,2013
2013-12-01,Dec,2013
2013-12-02,Dec,2013
2013-12-03,Dec,2013
2013-12-04,Dec,2013
2013-12-05,Dec,2013
2013-12-06,Dec,2013
2013-12-07,Dec,2013
2013-12-08,Dec,2013
2013-12-09,Dec,2013
2013-12-10,Dec,2013
2013-12-11,Dec,2013
2013-12-12,Dec,2013
2013-12-13,Dec,2013
2013-12-14,Dec,2013
2013-12-15,Dec,2013
2013-12-16,Dec,2013
2013-12-17,Dec,2013
2013-12-18,Dec,2013
2013-12-19,Dec,2013
2013-12-20,Dec,2013
2013-12-21,Dec,2013
2013-12-22,Dec,2013
2013-12-23,Dec,2013
2013-12-24,Dec,2013
2013-12-25,Dec,2013
2013-12-26,Dec,2013
2013-12-27,Dec,2013
2013-12-28,Dec,2013
2013-12-29,Dec,2013
2013-12-30,Dec,2013
2013-12-31,Dec,2013
2014-01-01,Jan,2014
2014-01-02,Jan,2014
2014-01-03,Jan,2014
2014-01-04,Jan,2014
2014-01-05,Jan,2014
2014-01-06,Jan,2014
2014-01-07,Jan,2014
2014-01-08,Jan,2014
2014-01-09,Jan,2014
2014-01-10,Jan,2014
2014-01-11,Jan,2014
2014-01-12,Jan,2014
2014-01-13,Jan,2014
2014-01-14,Jan,2014
2014-01-15,Jan,2014
2014-01-16,Jan,2014
2014-01-17,Jan,2014
2014-01-18,Jan,2014
2014-01-19,Jan,2014
2014-01-20,Jan,2014
2014-01-21,Jan,2014
2014-01-22,Jan,2014
2014-01-23,Jan,2014
2014-01-24,Jan,2014
2014-01-25,Jan,2014
2014-01-26,Jan,2014
2014-01-27,Jan,2014
2014-01-28,Jan,2014
2014-01-29,Jan,2014
2014-01-30,Jan,2014
2014-01-31,Jan,2014
2014-02-01,Feb,2014
2014-02-02,Feb,2014
2014-02-03,Feb,2014
2014-02-04,Feb,2014
2014-02-05,Feb,2014
2014-02-06,Feb,2014
2014-02-07,Feb,2014
2014-02-08,Feb,2014
2014-02-09,Feb,2014
2014-02-10,Feb,2014
2014-02-11,Feb,2014
2014-02-12,Feb,2014
2014-02-13,Feb,2014
2014-02-14,Feb,2014
2014-02-15,Feb,2014
2014-02-16,Feb,2014
2014-02-17,Feb,2014
2014-02-18,Feb,2014
2014-02-19,Feb,2014
2014-02-20,Feb,2014
2014-02-21,Feb,2014
2014-02-22,Feb,2014
2014-02-23,Feb,2014
2014-02-24,Feb,2014
2014-02-25,Feb,2014
2014-02-26,Feb,2014
2014-02-27,Feb,2014
2014-02-28,Feb,2014
2014-03-01,Mar,2014
2014-03-02,Mar,2014
2014-03-03,Mar,2014
2014-03-04,Mar,2014
2014-03-05,Mar,2014
2014-03-06,Mar,2014
2014-03-07,Mar,2014
2014-03-08,Mar,2014
2014-03-09,Mar,2014
2014-03-10,Mar,2014
2014-03-11,Mar,2014
2014-03-12,Mar,2014
2014-03-13,Mar,2014
2014-03-14,Mar,2014
2014-03-15,Mar,2014
2014-03-16,Mar,2014
2014-03-17,Mar,2014
2014-03-18,Mar,2014
2014-03-19,Mar,2014
2014-03-20,Mar,2014
2014-03-21,Mar,2014
2014-03-22,Mar,2014
2014-03-23,Mar,2014
2014-03-24,Mar,2014
2014-03-25,Mar,2014
2014-03-26,Mar,2014
2014-03-27,Mar,2014
2014-03-28,Mar,2014
2014-03-29,Mar,2014
2014-03-30,Mar,2014
2014-03-31,Mar,2014
2014-04-01,Apr,2014
2014-04-02,Apr,2014
2014-04-03,Apr,2014
2014-04-04,Apr,2014
2014-04-05,Apr,2014
2014-04-06,Apr,2014
2014-04-07,Apr,2014
2014-04-08,Apr,2014
2014-04-09,Apr,2014
2014-04-10,Apr,2014
2014-04-11,Apr,2014
2014-04-12,Apr,2014
2014-04-13,Apr,2014
2014-04-14,Apr,2014
2014-04-15,Apr,2014
2014-04-16,Apr,2014
2014-04-17,Apr,2014
2014-04-18,Apr,2014
2014-04-19,Apr,2014
2014-04-20,Apr,2014
2014-04-21,Apr,2014
2014-04-22,Apr,2014
2014-04-23,Apr,2014
2014-04-24,Apr,2014
2014-04-25,Apr,2014
2014-04-26,Apr,2014
2014-04-27,Apr,2014
2014-04-28,Apr,2014
2014-04-29,Apr,2014
2014-04-30,Apr,2014
2014-05-01,May,2014
2014-05-02,May,2014
2014-05-03,May,2014
2014-05-04,May,2014
2014-05-05,May,2014
2014-05-06,May,2014
2014-05-07,May,2014
2014-05-08,May,2014
2014-05-09,May,2014
2014-05-10,May,2014
2014-05-11,May,2014
2014-05-12,May,2014
2014-05-13,May,2014
2014-05-14,May,2014
2014-05-15,May,2014
2014-05-16,May,2014
2014-05-17,May,2014
2014-05-18,May,2014
2014-05-19,May,2014
2014-05-20,May,2014
2014-05-21,May,2014
2014-05-22,May,2014
2014-05-23,May,2014
2014-05-24,May,2014
2014-05-25,May,2014
2014-05-26,May,2014
2014-05-27,May,2014
2014-05-28,May,2014
2014-05-29,May,2014
2014-05-30,May,2014
2014-05-31,May,2014
2014-06-01,Jun,2014
2014-06-02,Jun,2014
2014-06-03,Jun,2014
2014-06-04,Jun,2014
2014-06-05,Jun,2014
2014-06-06,Jun,2014
2014-06-07,Jun,2014
2014-06-08,Jun,2014
2014-06-09,Jun,2014
2014-06-10,Jun,2014
2014-06-11,Jun,2014
2014-06-12,Jun,2014
2014-06-13,Jun,2014
2014-06-14,Jun,2014
2014-06-15,Jun,2014
2014-06-16,Jun,2014
2014-06-17,Jun,2014
2014-06-18,Jun,2014
2014-06-19,Jun,2014
2014-06-20,Jun,2014
2014-06-21,Jun,2014
2014-06-22,Jun,2014
2014-06-23,Jun,2014
2014-06-24,Jun,2014
2014-06-25,Jun,2014
2014-06-26,Jun,2014
2014-06-27,Jun,2014
2014-06-28,Jun,2014
2014-06-29,Jun,2014
2014-06-30,Jun,2014
2014-07-01,Jul,2014
2014-07-02,Jul,2014
2014-07-03,Jul,2014
2014-07-04,Jul,2014
2014-07-05,Jul,2014
2014-07-06,Jul,2014
2014-07-07,Jul,2014
2014-07-08,Jul,2014
2014-07-09,Jul,2014
2014-07-10,Jul,2014
2014-07-11,Jul,2014
2014-07-12,Jul,2014
2014-07-13,Jul,2014
2014-07-14,Jul,2014
2014-07-15,Jul,2014
2014-07-16,Jul,2014
2014-07-17,Jul,2014
2014-07-18,Jul,2014
2014-07-19,Jul,2014
2014-07-20,Jul,2014
2014-07-21,Jul,2014
2014-07-22,Jul,2014
2014-07-23,Jul,2014
2014-07-24,Jul,2014
2014-07-25,Jul,2014
2014-07-26,Jul,2014
2014-07-27,Jul,2014
2014-07-28,Jul,2014
2014-07-29,Jul,2014
2014-07-30,Jul,2014
2014-07-31,Jul,2014
2014-08-01,Aug,2014
2014-08-02,Aug,2014
2014-08-03,Aug,2014
2014-08-04,Aug,2014
2014-08-05,Aug,2014
2014-08-06,Aug,2014
2014-08-07,Aug,2014
2014-08-08,Aug,2014
2014-08-09,Aug,2014
2014-08-10,Aug,2014
2014-08-11,Aug,2014
2014-08-12,Aug,2014
2014-08-13,Aug,2014
2014-08-14,Aug,2014
2014-08-15,Aug,2014
2014-08-16,Aug,2014
2014-08-17,Aug,2014
2014-08-18,Aug,2014
2014-08-19,Aug,2014
2014-08-20,Aug,2014
2014-08-21,Aug,2014
2014-08-22,Aug,2014
2014-08-23,Aug,2014
2014-08-24,Aug,2014
2014-08-25,Aug,2014
2014-08-26,Aug,2014
2014-08-27,Aug,2014
2014-08-28,Aug,2014
2014-08-29,Aug,2014
2014-08-30,Aug,2014
2014-08-31,Aug,2014
2014-09-01,Sep,2014
2014-09-02,Sep,2014
2014-09-03,Sep,2014
2014-09-04,Sep,2014
2014-09-05,Sep,2014
2014-09-06,Sep,2014
2014-09-07,Sep,2014
2014-09-08,Sep,2014
2014-09-09,Sep,2014
2014-09-10,Sep,2014
2014-09-11,Sep,2014
2014-09-12,Sep,2014
2014-09-13,Sep,2014
2014-09-14,Sep,2014
2014-09-15,Sep,2014
2014-09-16,Sep,2014
2014-09-17,Sep,2014
2014-09-18,Sep,2014
2014-09-19,Sep,2014
2014-09-20,Sep,2014
2014-09-21,Sep,2014
2014-09-22,Sep,2014
2014-09-23,Sep,2014
2014-09-24,Sep,2014
2014-09-25,Sep,2014
2014-09-26,Sep,2014
2014-09-27,Sep,2014
2014-09-28,Sep,2014
2014-09-29,Sep,2014
2014-09-30,Sep,2014
2014-10-01,Oct,2014
2014-10-02,Oct,2014
2014-10-03,Oct,2014
2014-10-04,Oct,2014
2014-10-05,Oct,2014
2014-10-06,Oct,2014
2014-10-07,Oct,2014
2014-10-08,Oct,2014
2014-10-09,Oct,2014
2014-10-10,Oct,2014
2014-10-11,Oct,2014
2014-10-12,Oct,2014
2014-10-13,Oct,2014
2014-10-14,Oct,2014
2014-10-15,Oct,2014
2014-10-16,Oct,2014
2014-10-17,Oct,2014
2014-10-18,Oct,2014
2014-10-19,Oct,2014
2014-10-20,Oct,2014
2014-10-21,Oct,2014
2014-10-22,Oct,2014
2014-10-23,Oct,2014
2014-10-24,Oct,2014
2014-10-25,Oct,2014
2014-10-26,Oct,2014
2014-10-27,Oct,2014
2014-10-28,Oct,2014
2014-10-29,Oct,2014
2014-10-30,Oct,2014
2014-10-31,Oct,2014
2014-11-01,Nov,2014
2014-11-02,Nov,2014
2014-11-03,Nov,2014
2014-11-04,Nov,2014
2014-11-05,Nov,2014
2014-11-06,Nov,2014
2014-11-07,Nov,2014
2014-11-08,Nov,2014
2014-11-09,Nov,2014
2014-11-10,Nov,2014
2014-11-11,Nov,2014
2014-11-12,Nov,2014
2014-11-13,Nov,2014
2014-11-14,Nov,2014
2014-11-15,Nov,2014
2014-11-16,Nov,2014
2014-11-17,Nov,2014
2014-11-18,Nov,2014
2014-11-19,Nov,2014
2014-11-20,Nov,2014
2014-11-21,Nov,2014
2014-11-22,Nov,2014
2014-11-23,Nov,2014
2014-11-24,Nov,2014
2014-11-25,Nov,2014
2014-11-26,Nov,2014
2014-11-27,Nov,2014
2014-11-28,Nov,2014
2014-11-29,Nov,2014
2014-11-30,Nov,2014
2014-12-01,Dec,2014
2014-12-02,Dec,2014
2014-12-03,Dec,2014
2014-12-04,Dec,2014
2014-12-05,Dec,2014
2014-12-06,Dec,2014
2014-12-07,Dec,2014
2014-12-08,Dec,2014
2014-12-09,Dec,2014
2014-12-10,Dec,2014
2014-12-11,Dec,2014
2014-12-12,Dec,2014
2014-12-13,Dec,2014
2014-12-14,Dec,2014
2014-12-15,Dec,2014
2014-12-16,Dec,2014
2014-12-17,Dec,2014
2014-12-18,Dec,2014
2014-12-19,Dec,2014
2014-12-20,Dec,2014
2014-12-21,Dec,2014
2014-12-22,Dec,2014
2014-12-23,Dec,2014
2014-12-24,Dec,2014
2014-12-25,Dec,2014
2014-12-26,Dec,2014
2014-12-27,Dec,2014
2014-12-28,Dec,2014
2014-12-29,Dec,2014
2014-12-30,Dec,2014
2014-12-31,Dec,2014
2015-01-01,Jan,2015
2015-01-02,Jan,2015
2015-01-03,Jan,2015
2015-01-04,Jan,2015
2015-01-05,Jan,2015
2015-01-06,Jan,2015
2015-01-07,Jan,2015
2015-01-08,Jan,2015
2015-01-09,Jan,2015
2015-01-10,Jan,2015
2015-01-11,Jan,2015
2015-01-12,Jan,2015
2015-01-13,Jan,2015
2015-01-14,Jan,2015
2015-01-15,Jan,2015
2015-01-16,Jan,2015
2015-01-17,Jan,2015
2015-01-18,Jan,2015
2015-01-19,Jan,2015
2015-01-20,Jan,2015
2015-01-21,Jan,2015
2015-01-22,Jan,2015
2015-01-23,Jan,2015
2015-01-24,Jan,2015
2015-01-25,Jan,2015
2015-01-26,Jan,2015
2015-01-27,Jan,2015
2015-01-28,Jan,2015
2015-01-29,Jan,2015
2015-01-30,Jan,2015
2015-01-31,Jan,2015
2015-02-01,Feb,2015
2015-02-02,Feb,2015
2015-02-03,Feb,2015
2015-02-04,Feb,2015
2015-02-05,Feb,2015
2015-02-06,Feb,2015
2015-02-07,Feb,2015
2015-02-08,Feb,2015
2015-02-09,Feb,2015
2015-02-10,Feb,2015
2015-02-11,Feb,2015
2015-02-12,Feb,2015
2015-02-13,Feb,2015
2015-02-14,Feb,2015
2015-02-15,Feb,2015
2015-02-16,Feb,2015
2015-02-17,Feb,2015
2015-02-18,Feb,2015
2015-02-19,Feb,2015
2015-02-20,Feb,2015
2015-02-21,Feb,2015
2015-02-22,Feb,2015
2015-02-23,Feb,2015
2015-02-24,Feb,2015
2015-02-25,Feb,2015
2015-02-26,Feb,2015
2015-02-27,Feb,2015
2015-02-28,Feb,2015
2015-03-01,Mar,2015
2015-03-02,Mar,2015
2015-03-03,Mar,2015
2015-03-04,Mar,2015
2015-03-05,Mar,2015
2015-03-06,Mar,2015
2015-03-07,Mar,2015
2015-03-08,Mar,2015
2015-03-09,Mar,2015
2015-03-10,Mar,2015
2015-03-11,Mar,2015
2015-03-12,Mar,2015
2015-03-13,Mar,2015
2015-03-14,Mar,2015
2015-03-15,Mar,2015
2015-03-16,Mar,2015
2015-03-17,Mar,2015
2015-03-18,Mar,2015
2015-03-19,Mar,2015
2015-03-20,Mar,2015
2015-03-21,Mar,2015
2015-03-22,Mar,2015
2015-03-23,Mar,2015
2015-03-24,Mar,2015
2015-03-25,Mar,2015
2015-03-26,Mar,2015
2015-03-27,Mar,2015
2015-03-28,Mar,2015
2015-03-29,Mar,2015
2015-03-30,Mar,2015
2015-03-31,Mar,2015
2015-04-01,Apr,2015
2015-04-02,Apr,2015
2015-04-03,Apr,2015
2015-04-04,Apr,2015
2015-04-05,Apr,2015
2015-04-06,Apr,2015
2015-04-07,Apr,2015
2015-04-08,Apr,2015
2015-04-09,Apr,2015
2015-04-10,Apr,2015
2015-04-11,Apr,2015
2015-04-12,Apr,2015
2015-04-13,Apr,2015
2015-04-14,Apr,2015
2015-04-15,Apr,2015
2015-04-16,Apr,2015
2015-04-17,Apr,2015
2015-04-18,Apr,2015
2015-04-19,Apr,2015
2015-04-20,Apr,2015
2015-04-21,Apr,2015
2015-04-22,Apr,2015
2015-04-23,Apr,2015
2015-04-24,Apr,2015
2015-04-25,Apr,2015
2015-04-26,Apr,2015
2015-04-27,Apr,2015
2015-04-28,Apr,2015
2015-04-29,Apr,2015
2015-04-30,Apr,2015
2015-05-01,May,2015
2015-05-02,May,2015
2015-05-03,May,2015
2015-05-04,May,2015
2015-05-05,May,2015
2015-05-06,May,2015
2015-05-07,May,2015
2015-05-08,May,2015
2015-05-09,May,2015
2015-05-10,May,2015
2015-05-11,May,2015
2015-05-12,May,2015
2015-05-13,May,2015
2015-05-14,May,2015
2015-05-15,May,2015
2015-05-16,May,2015
2015-05-17,May,2015
2015-05-18,May,2015
2015-05-19,May,2015
2015-05-20,May,2015
2015-05-21,May,2015
2015-05-22,May,2015
2015-05-23,May,2015
2015-05-24,May,2015
2015-05-25,May,2015
2015-05-26,May,2015
2015-05-27,May,2015
2015-05-28,May,2015
2015-05-29,May,2015
2015-05-30,May,2015
2015-05-31,May,2015
2015-06-01,Jun,2015
2015-06-02,Jun,2015
2015-06-03,Jun,2015
2015-06-04,Jun,2015
2015-06-05,Jun,2015
2015-06-06,Jun,2015
2015-06-07,Jun,2015
2015-06-08,Jun,2015
2015-06-09,Jun,2015
2015-06-10,Jun,2015
2015-06-11,Jun,2015
2015-06-12,Jun,2015
2015-06-13,Jun,2015
2015-06-14,Jun,2015
2015-06-15,Jun,2015
2015-06-16,Jun,2015
2015-06-17,Jun,2015
2015-06-18,Jun,2015
2015-06-19,Jun,2015
2015-06-20,Jun,2015
2015-06-21,Jun,2015
2015-06-22,Jun,2015
2015-06-23,Jun,2015
2015-06-24,Jun,2015
2015-06-25,Jun,2015
2015-06-26,Jun,2015
2015-06-27,Jun,2015
2015-06-28,Jun,2015
2015-06-29,Jun,2015
2015-06-30,Jun,2015
2015-07-01,Jul,2015
2015-07-02,Jul,2015
2015-07-03,Jul,2015
2015-07-04,Jul,2015
2015-07-05,Jul,2015
2015-07-06,Jul,2015
2015-07-07,Jul,2015
2015-07-08,Jul,2015
2015-07-09,Jul,2015
2015-07-10,Jul,2015
2015-07-11,Jul,2015
2015-07-12,Jul,2015
2015-07-13,Jul,2015
2015-07-14,Jul,2015
2015-07-15,Jul,2015
2015-07-16,Jul,2015
2015-07-17,Jul,2015
2015-07-18,Jul,2015
2015-07-19,Jul,2015
2015-07-20,Jul,2015
2015-07-21,Jul,2015
2015-07-22,Jul,2015
2015-07-23,Jul,2015
2015-07-24,Jul,2015
2015-07-25,Jul,2015
2015-07-26,Jul,2015
2015-07-27,Jul,2015
2015-07-28,Jul,2015
2015-07-29,Jul,2015
2015-07-30,Jul,2015
2015-07-31,Jul,2015
2015-08-01,Aug,2015
2015-08-02,Aug,2015
2015-08-03,Aug,2015
2015-08-04,Aug,2015
2015-08-05,Aug,2015
2015-08-06,Aug,2015
2015-08-07,Aug,2015
2015-08-08,Aug,2015
2015-08-09,Aug,2015
2015-08-10,Aug,2015
2015-08-11,Aug,2015
2015-08-12,Aug,2015
2015-08-13,Aug,2015
2015-08-14,Aug,2015
2015-08-15,Aug,2015
2015-08-16,Aug,2015
2015-08-17,Aug,2015
2015-08-18,Aug,2015
2015-08-19,Aug,2015
2015-08-20,Aug,2015
2015-08-21,Aug,2015
2015-08-22,Aug,2015
2015-08-23,Aug,2015
2015-08-24,Aug,2015
2015-08-25,Aug,2015
2015-08-26,Aug,2015
2015-08-27,Aug,2015
2015-08-28,Aug,2015
2015-08-29,Aug,2015
2015-08-30,Aug,2015
2015-08-31,Aug,2015
2015-09-01,Sep,2015
2015-09-02,Sep,2015
2015-09-03,Sep,2015
2015-09-04,Sep,2015
2015-09-05,Sep,2015
2015-09-06,Sep,2015
2015-09-07,Sep,2015
2015-09-08,Sep,2015
2015-09-09,Sep,2015
2015-09-10,Sep,2015
2015-09-11,Sep,2015
2015-09-12,Sep,2015
2015-09-13,Sep,2015
2015-09-14,Sep,2015
2015-09-15,Sep,2015
2015-09-16,Sep,2015
2015-09-17,Sep,2015
2015-09-18,Sep,2015
2015-09-19,Sep,2015
2015-09-20,Sep,2015
2015-09-21,Sep,2015
2015-09-22,Sep,2015
2015-09-23,Sep,2015
2015-09-24,Sep,2015
2015-09-25,Sep,2015
2015-09-26,Sep,2015
2015-09-27,Sep,2015
2015-09-28,Sep,2015
2015-09-29,Sep,2015
2015-09-30,Sep,2015
2015-10-01,Oct,2015
2015-10-02,Oct,2015
2015-10-03,Oct,2015
2015-10-04,Oct,2015
2015-10-05,Oct,2015
2015-10-06,Oct,2015
2015-10-07,Oct,2015
2015-10-08,Oct,2015
2015-10-09,Oct,2015
2015-10-10,Oct,2015
2015-10-11,Oct,2015
2015-10-12,Oct,2015
2015-10-13,Oct,2015
2015-10-14,Oct,2015
2015-10-15,Oct,2015
2015-10-16,Oct,2015
2015-10-17,Oct,2015
2015-10-18,Oct,2015
2015-10-19,Oct,2015
2015-10-20,Oct,2015
2015-10-21,Oct,2015
2015-10-22,Oct,2015
2015-10-23,Oct,2015
2015-10-24,Oct,2015
2015-10-25,Oct,2015
2015-10-26,Oct,2015
2015-10-27,Oct,2015
2015-10-28,Oct,2015
2015-10-29,Oct,2015
2015-10-30,Oct,2015
2015-10-31,Oct,2015
2015-11-01,Nov,2015
2015-11-02,Nov,2015
2015-11-03,Nov,2015
2015-11-04,Nov,2015
2015-11-05,Nov,2015
2015-11-06,Nov,2015
2015-11-07,Nov,2015
2015-11-08,Nov,2015
2015-11-09,Nov,2015
2015-11-10,Nov,2015
2015-11-11,Nov,2015
2015-11-12,Nov,2015
2015-11-13,Nov,2015
2015-11-14,Nov,2015
2015-11-15,Nov,2015
2015-11-16,Nov,2015
2015-11-17,Nov,2015
2015-11-18,Nov,2015
2015-11-19,Nov,2015
2015-11-20,Nov,2015
2015-11-21,Nov,2015
2015-11-22,Nov,2015
2015-11-23,Nov,2015
2015-11-24,Nov,2015
2015-11-25,Nov,2015
2015-11-26,Nov,2015
2015-11-27,Nov,2015
2015-11-28,Nov,2015
2015-11-29,Nov,2015
2015-11-30,Nov,2015
2015-12-01,Dec,2015
2015-12-02,Dec,2015
2015-12-03,Dec,2015
2015-12-04,Dec,2015
2015-12-05,Dec,2015
2015-12-06,Dec,2015
2015-12-07,Dec,2015
2015-12-08,Dec,2015
2015-12-09,Dec,2015
2015-12-10,Dec,2015
2015-12-11,Dec,2015
2015-12-12,Dec,2015
2015-12-13,Dec,2015
2015-12-14,Dec,2015
2015-12-15,Dec,2015
2015-12-16,Dec,2015
2015-12-17,Dec,2015
2015-12-18,Dec,2015
2015-12-19,Dec,2015
2015-12-20,Dec,2015
2015-12-21,Dec,2015
2015-12-22,Dec,2015
2015-12-23,Dec,2015
2015-12-24,Dec,2015
2015-12-25,Dec,2015
2015-12-26,Dec,2015
2015-12-27,Dec,2015
2015-12-28,Dec,2015
2015-12-29,Dec,2015
2015-12-30,Dec,2015
2015-12-31,Dec,2015
2016-01-01,Jan,2016
2016-01-02,Jan,2016
2016-01-03,Jan,2016
2016-01-04,Jan,2016
2016-01-05,Jan,2016
2016-01-06,Jan,2016
2016-01-07,Jan,2016
2016-01-08,Jan,2016
2016-01-09,Jan,2016
2016-01-10,Jan,2016
2016-01-11,Jan,2016
2016-01-12,Jan,2016
2016-01-13,Jan,2016
2016-01-14,Jan,2016
2016-01-15,Jan,2016
2016-01-16,Jan,2016
2016-01-17,Jan,2016
2016-01-18,Jan,2016
2016-01-19,Jan,2016
2016-01-20,Jan,2016
2016-01-21,Jan,2016
2016-01-22,Jan,2016
2016-01-23,Jan,2016
2016-01-24,Jan,2016
2016-01-25,Jan,2016
2016-01-26,Jan,2016
2016-01-27,Jan,2016
2016-01-28,Jan,2016
2016-01-29,Jan,2016
2016-01-30,Jan,2016
2016-01-31,Jan,2016
2016-02-01,Feb,2016
2016-02-02,Feb,2016
2016-02-03,Feb,2016
2016-02-04,Feb,2016
2016-02-05,Feb,2016
2016-02-06,Feb,2016
2016-02-07,Feb,2016
2016-02-08,Feb,2016
2016-02-09,Feb,2016
2016-02-10,Feb,2016
2016-02-11,Feb,2016
2016-02-12,Feb,2016
2016-02-13,Feb,2016
2016-02-14,Feb,2016
2016-02-15,Feb,2016
2016-02-16,Feb,2016
2016-02-17,Feb,2016
2016-02-18,Feb,2016
2016-02-19,Feb,2016
2016-02-20,Feb,2016
2016-02-21,Feb,2016
2016-02-22,Feb,2016
2016-02-23,Feb,2016
2016-02-24,Feb,2016
2016-02-25,Feb,2016
2016-02-26,Feb,2016
2016-02-27,Feb,2016
2016-02-28,Feb,2016
2016-02-29,Feb,2016
2016-03-01,Mar,2016
2016-03-02,Mar,2016
2016-03-03,Mar,2016
2016-03-04,Mar,2016
2016-03-05,Mar,2016
2016-03-06,Mar,2016
2016-03-07,Mar,2016
2016-03-08,Mar,2016
2016-03-09,Mar,2016
2016-03-10,Mar,2016
2016-03-11,Mar,2016
2016-03-12,Mar,2016
2016-03-13,Mar,2016
2016-03-14,Mar,2016
2016-03-15,Mar,2016
2016-03-16,Mar,2016
2016-03-17,Mar,2016
2016-03-18,Mar,2016
2016-03-19,Mar,2016
2016-03-20,Mar,2016
2016-03-21,Mar,2016
2016-03-22,Mar,2016
2016-03-23,Mar,2016
2016-03-24,Mar,2016
2016-03-25,Mar,2016
2016-03-26,Mar,2016
2016-03-27,Mar,2016
2016-03-28,Mar,2016
2016-03-29,Mar,2016
2016-03-30,Mar,2016
2016-03-31,Mar,2016
2016-04-01,Apr,2016
2016-04-02,Apr,2016
2016-04-03,Apr,2016
2016-04-04,Apr,2016
2016-04-05,Apr,2016
2016-04-06,Apr,2016
2016-04-07,Apr,2016
2016-04-08,Apr,2016
2016-04-09,Apr,2016
2016-04-10,Apr,2016
2016-04-11,Apr,2016
2016-04-12,Apr,2016
2016-04-13,Apr,2016
2016-04-14,Apr,2016
2016-04-15,Apr,2016
2016-04-16,Apr,2016
2016-04-17,Apr,2016
2016-04-18,Apr,2016
2016-04-19,Apr,2016
2016-04-20,Apr,2016
2016-04-21,Apr,2016
2016-04-22,Apr,2016
2016-04-23,Apr,2016
2016-04-24,Apr,2016
2016-04-25,Apr,2016
2016-04-26,Apr,2016
2016-04-27,Apr,2016
2016-04-28,Apr,2016
2016-04-29,Apr,2016
2016-04-30,Apr,2016
2016-05-01,May,2016
2016-05-02,May,2016
2016-05-03,May,2016
2016-05-04,May,2016
2016-05-05,May,2016
2016-05-06,May,2016
2016-05-07,May,2016
2016-05-08,May,2016
2016-05-09,May,2016
2016-05-10,May,2016
2016-05-11,May,2016
2016-05-12,May,2016
2016-05-13,May,2016
2016-05-14,May,2016
2016-05-15,May,2016
2016-05-16,May,2016
2016-05-17,May,2016
2016-05-18,May,2016
2016-05-19,May,2016
2016-05-20,May,2016
2016-05-21,May,2016
2016-05-22,May,2016
2016-05-23,May,2016
2016-05-24,May,2016
2016-05-25,May,2016
2016-05-26,May,2016
2016-05-27,May,2016
2016-05-28,May,2016
2016-05-29,May,2016
2016-05-30,May,2016
2016-05-31,May,2016
2016-06-01,Jun,2016
2016-06-02,Jun,2016
2016-06-03,Jun,2016
2016-06-04,Jun,2016
2016-06-05,Jun,2016
2016-06-06,Jun,2016
2016-06-07,Jun,2016
2016-06-08,Jun,2016
2016-06-09,Jun,2016
2016-06-10,Jun,2016
2016-06-11,Jun,2016
2016-06-12,Jun,2016
2016-06-13,Jun,2016
2016-06-14,Jun,2016
2016-06-15,Jun,2016
2016-06-16,Jun,2016
2016-06-17,Jun,2016
2016-06-18,Jun,2016
2016-06-19,Jun,2016
2016-06-20,Jun,2016
2016-06-21,Jun,2016
2016-06-22,Jun,2016
2016-06-23,Jun,2016
2016-06-24,Jun,2016
2016-06-25,Jun,2016
2016-06-26,Jun,2016
2016-06-27,Jun,2016
2016-06-28,Jun,2016
2016-06-29,Jun,2016
2016-06-30,Jun,2016
2016-07-01,Jul,2016
2016-07-02,Jul,2016
2016-07-03,Jul,2016
2016-07-04,Jul,2016
2016-07-05,Jul,2016
2016-07-06,Jul,2016
2016-07-07,Jul,2016
2016-07-08,Jul,2016
2016-07-09,Jul,2016
2016-07-10,Jul,2016
2016-07-11,Jul,2016
2016-07-12,Jul,2016
2016-07-13,Jul,2016
2016-07-14,Jul,2016
2016-07-15,Jul,2016
2016-07-16,Jul,2016
2016-07-17,Jul,2016
2016-07-18,Jul,2016
2016-07-19,Jul,2016
2016-07-20,Jul,2016
2016-07-21,Jul,2016
2016-07-22,Jul,2016
2016-07-23,Jul,2016
2016-07-24,Jul,2016
2016-07-25,Jul,2016
2016-07-26,Jul,2016
2016-07-27,Jul,2016
2016-07-28,Jul,2016
2016-07-29,Jul,2016
2016-07-30,Jul,2016
2016-07-31,Jul,2016
2016-08-01,Aug,2016
2016-08-02,Aug,2016
2016-08-03,Aug,2016
2016-08-04,Aug,2016
2016-08-05,Aug,2016
2016-08-06,Aug,2016
2016-08-07,Aug,2016
2016-08-08,Aug,2016
2016-08-09,Aug,2016
2016-08-10,Aug,2016
2016-08-11,Aug,2016
2016-08-12,Aug,2016
2016-08-13,Aug,2016
2016-08-14,Aug,2016
2016-08-15,Aug,2016
2016-08-16,Aug,2016
2016-08-17,Aug,2016
2016-08-18,Aug,2016
2016-08-19,Aug,2016
2016-08-20,Aug,2016
2016-08-21,Aug,2016
2016-08-22,Aug,2016
2016-08-23,Aug,2016
2016-08-24,Aug,2016
2016-08-25,Aug,2016
2016-08-26,Aug,2016
2016-08-27,Aug,2016
2016-08-28,Aug,2016
2016-08-29,Aug,2016
2016-08-30,Aug,2016
2016-08-31,Aug,2016
2016-09-01,Sep,2016
2016-09-02,Sep,2016
2016-09-03,Sep,2016
2016-09-04,Sep,2016
2016-09-05,Sep,2016
2016-09-06,Sep,2016
2016-09-07,Sep,2016
2016-09-08,Sep,2016
2016-09-09,Sep,2016
2016-09-10,Sep,2016
2016-09-11,Sep,2016
2016-09-12,Sep,2016
2016-09-13,Sep,2016
2016-09-14,Sep,2016
2016-09-15,Sep,2016
2016-09-16,Sep,2016
2016-09-17,Sep,2016
2016-09-18,Sep,2016
2016-09-19,Sep,2016
2016-09-20,Sep,2016
2016-09-21,Sep,2016
2016-09-22,Sep,2016
2016-09-23,Sep,2016
2016-09-24,Sep,2016
2016-09-25,Sep,2016
2016-09-26,Sep,2016
2016-09-27,Sep,2016
2016-09-28,Sep,2016
2016-09-29,Sep,2016
2016-09-30,Sep,2016
2016-10-01,Oct,2016
2016-10-02,Oct,2016
2016-10-03,Oct,2016
2016-10-04,Oct,2016
2016-10-05,Oct,2016
2016-10-06,Oct,2016
2016-10-07,Oct,2016
2016-10-08,Oct,2016
2016-10-09,Oct,2016
2016-10-10,Oct,2016
2016-10-11,Oct,2016
2016-10-12,Oct,2016
2016-10-13,Oct,2016
2016-10-14,Oct,2016
2016-10-15,Oct,2016
2016-10-16,Oct,2016
2016-10-17,Oct,2016
2016-10-18,Oct,2016
2016-10-19,Oct,2016
2016-10-20,Oct,2016
2016-10-21,Oct,2016
2016-10-22,Oct,2016
2016-10-23,Oct,2016
2016-10-24,Oct,2016
2016-10-25,Oct,2016
2016-10-26,Oct,2016
2016-10-27,Oct,2016
2016-10-28,Oct,2016
2016-10-29,Oct,2016
2016-10-30,Oct,2016
2016-10-31,Oct,2016
2016-11-01,Nov,2016
2016-11-02,Nov,2016
2016-11-03,Nov,2016
2016-11-04,Nov,2016
2016-11-05,Nov,2016
2016-11-06,Nov,2016
2016-11-07,Nov,2016
2016-11-08,Nov,2016
2016-11-09,Nov,2016
2016-11-10,Nov,2016
2016-11-11,Nov,2016
2016-11-12,Nov,2016
2016-11-13,Nov,2016
2016-11-14,Nov,2016
2016-11-15,Nov,2016
2016-11-16,Nov,2016
2016-11-17,Nov,2016
2016-11-18,Nov,2016
2016-11-19,Nov,2016
2016-11-20,Nov,2016
2016-11-21,Nov,2016
2016-11-22,Nov,2016
2016-11-23,Nov,2016
2016-11-24,Nov,2016
2016-11-25,Nov,2016
2016-11-26,Nov,2016
2016-11-27,Nov,2016
2016-11-28,Nov,2016
2016-11-29,Nov,2016
2016-11-30,Nov,2016
2016-12-01,Dec,2016
2016-12-02,Dec,2016
2016-12-03,Dec,2016
2016-12-04,Dec,2016
2016-12-05,Dec,2016
2016-12-06,Dec,2016
2016-12-07,Dec,2016
2016-12-08,Dec,2016
2016-12-09,Dec,2016
2016-12-10,Dec,2016
2016-12-11,Dec,2016
2016-12-12,Dec,2016
2016-12-13,Dec,2016
2016-12-14,Dec,2016
2016-12-15,Dec,2016
2016-12-16,Dec,2016
2016-12-17,Dec,2016
2016-12-18,Dec,2016
2016-12-19,Dec,2016
2016-12-20,Dec,2016
2016-12-21,Dec,2016
2016-12-22,Dec,2016
2016-12-23,Dec,2016
2016-12-24,Dec,2016
2016-12-25,Dec,2016
2016-12-26,Dec,2016
2016-12-27,Dec,2016
2016-12-28,Dec,2016
2016-12-29,Dec,2016
2016-12-30,Dec,2016
2016-12-31,Dec,2016
